{
  "Total" : {
    "transaction" : "Total",
    "sampleCount" : 1260,
    "errorCount" : 0,
    "errorPct" : 0.0,
    "meanResTime" : 55.76190476190478,
    "medianResTime" : 55.0,
    "minResTime" : 54.0,
    "maxResTime" : 168.0,
    "pct1ResTime" : 57.0,
    "pct2ResTime" : 57.0,
    "pct3ResTime" : 61.0,
    "throughput" : 17.807425413739985,
    "receivedKBytesPerSec" : 191.91696581256977,
    "sentKBytesPerSec" : 4.017104756419859
  },
  "HTTP Request" : {
    "transaction" : "HTTP Request",
    "sampleCount" : 1260,
    "errorCount" : 0,
    "errorPct" : 0.0,
    "meanResTime" : 55.76190476190478,
    "medianResTime" : 55.0,
    "minResTime" : 54.0,
    "maxResTime" : 168.0,
    "pct1ResTime" : 57.0,
    "pct2ResTime" : 57.0,
    "pct3ResTime" : 61.0,
    "throughput" : 17.807425413739985,
    "receivedKBytesPerSec" : 191.91696581256977,
    "sentKBytesPerSec" : 4.017104756419859
  }
}