{
  "Total" : {
    "transaction" : "Total",
    "sampleCount" : 619,
    "errorCount" : 0,
    "errorPct" : 0.0,
    "meanResTime" : 117.70274636510497,
    "medianResTime" : 117.0,
    "minResTime" : 115.0,
    "maxResTime" : 197.0,
    "pct1ResTime" : 121.0,
    "pct2ResTime" : 122.0,
    "pct3ResTime" : 131.19999999999982,
    "throughput" : 8.457208438080665,
    "receivedKBytesPerSec" : 91.14549532394251,
    "sentKBytesPerSec" : 1.9078272941373375
  },
  "HTTP Request" : {
    "transaction" : "HTTP Request",
    "sampleCount" : 619,
    "errorCount" : 0,
    "errorPct" : 0.0,
    "meanResTime" : 117.70274636510497,
    "medianResTime" : 117.0,
    "minResTime" : 115.0,
    "maxResTime" : 197.0,
    "pct1ResTime" : 121.0,
    "pct2ResTime" : 122.0,
    "pct3ResTime" : 131.19999999999982,
    "throughput" : 8.457208438080665,
    "receivedKBytesPerSec" : 91.14549532394251,
    "sentKBytesPerSec" : 1.9078272941373375
  }
}